County,Total Air Releases
"Abbeville, SC",3600.3
"Acadia, LA",6046
"Accomack, VA",45.3
"Ada, ID",131436.854
"Adair, IA",5663
"Adair, KY",0
"Adair, OK",0
"Adams, CO",162671.87
"Adams, IA",3574
"Adams, IL",841111.01
"Adams, IN",754054.58
"Adams, MS",3250
"Adams, NE",425535.37
"Adams, OH",9849922.2
"Adams, PA",41383.27
"Adams, WA",0
"Addison, VT",0
"Aguadilla, PR",35.95
"Aibonito, PR",250
"Aiken, SC",1180188.14
"Alachua, FL",1773242.35
"Alamance, NC",9732.68
"Alameda, CA",594346.46
"Albany, NY",327905.3787
"Albany, WY",66358.67
"Albemarle, VA",871.64
"Alcorn, MS",721404.41
"Aleutians West, AK",8240
"Alexander, IL",471092
"Alexandria City, VA",29597.5003
"Alger, MI",183285
"Allamakee, IA",350567
"Allegan, MI",137443
"Allegany, MD",1258087.9
"Alleghany, NC",1374
"Allegheny, PA",3919387.475
"Allen, IN",651541.8106
"Allen, KS",32826
"Allen, LA",27272.06
"Allen, OH",1231567.93
"Allendale, SC",100793.6
"Alpena, MI",792455.04
"Amador, CA",130386.98
"Amelia, VA",0
"Amherst, VA",226867.1
"Amite, MS",36993
"Anasco, PR",1000
"Anchorage, AK",9504.88
"Anderson, KS",44946.6
"Anderson, KY",3
"Anderson, SC",1605911.39
"Anderson, TN",4389996.228
"Anderson, TX",11215
"Andrews, TX",127280.02
"Androscoggin, ME",68132.1
"Angelina, TX",299585.0786
"Anne Arundel, MD",17561611.36
"Anoka, MN",83593.11
"Anson, NC",0.1
"Antrim, MI",5
"Apache, AZ",353324.38
"Appanoose, IA",0.5
"Appling, GA",38448.43
"Appomattox, VA",4.86
"Aransas, TX",27822.6
"Arapahoe, CO",101.02
"Arecibo, PR",16734.74
"Arkansas, AR",402821
"Arlington, VA",1003.24
"Armstrong, PA",17720243.2
"Aroostook, ME",310132.355
"Ascension, LA",1482873.235
"Ashe, NC",3323
"Ashland, OH",12954
"Ashland, WI",40560.7
"Ashley, AR",904270.7001
"Ashtabula, OH",8288048.7
"Assumption, LA",19424
"Atascosa, TX",66091.51
"Atchison, KS",44169
"Atkinson, GA",365375.64
"Atlantic, NJ",24172
"Audrain, MO",180253.64
"Auglaize, OH",137381.12
"Augusta, VA",387839.68
"Austin, TX",436
"Autauga, AL",1088558
"Avoyelles, LA",1927
"Bacon, GA",0
"Baker, FL",2336
"Baker, OR",2177.73
"Baldwin, AL",24462
"Ballard, KY",1107633.93
"Baltimore City, MD",1912350.891
"Baltimore, MD",2227278.482
"Bamberg, SC",27188
"Bannock, ID",8612.419
"Baraga, MI",250
"Barber, KS",0.7
"Barbour, AL",29353
"Barceloneta, PR",157385.25
"Barnstable, MA",65227.5
"Barnwell, SC",20.200104
"Barren, KY",26648.08
"Barron, WI",120018.18
"Barrow, GA",11430
"Barry, MI",53074.3
"Barry, MO",420053
"Bartholomew, IN",2543.5
"Barton, KS",6866
"Bartow, GA",16855450.22
"Bastrop, TX",227684
"Baxter, AR",46083.4
"Bay, FL",4413810.5
"Bay, MI",2358245.97
"Bayamon, PR",10974
"Beadle, SD",0
"Beaufort, NC",279528.5
"Beaufort, SC",2922.1
"Beauregard, LA",1829666.38
"Beaver, PA",689457.6885
"Becker, MN",0
"Bedford City, VA",0
"Bedford, PA",74676
"Bedford, TN",16587
"Bedford, VA",770961.4
"Belknap, NH",234.504
"Bell, TX",360031.635
"Belmont, OH",2350462.801
"Beltrami, MN",198175
"Ben Hill, GA",904
"Benewah, ID",25734.6
"Bennington, VT",1
"Benton, AR",174448.6
"Benton, MN",32748.1
"Benton, OR",127.6
"Benton, WA",101.6977
"Bergen, NJ",43397.74
"Berkeley, SC",7126339.358
"Berkeley, WV",284191.979
"Berks, PA",2312825.454
"Berkshire, MA",9439.362866
"Bernalillo, NM",14546.211
"Berrien, GA",471125.58
"Berrien, MI",20140.8
"Bertie, NC",132187.83
"Bexar, TX",462269.5093
"Bibb, AL",3.2
"Bibb, GA",844457.5
"Bienville, LA",123
"Big Horn, MT",5686.7
"Big Horn, WY",3.81
"Bingham, ID",11.95
"Black Hawk, IA",403433.4
"Blackford, IN",55190.2
"Bladen, NC",72044.56
"Blaine, ID",0
"Blair, PA",104170.723
"Bland, VA",15300
"Blount, AL",1.3
"Blount, TN",1460310.3
"Blue Earth, MN",1007175.08
"Bolivar, MS",75
"Bon Homme, SD",1780
"Bonner, ID",22.7138
"Bonneville, ID",0.4
"Boone, AR",62979.59
"Boone, IL",44879
"Boone, IN",14731
"Boone, KY",184653.395
"Boone, MO",117113.87
"Boone, NE",4743
"Bosque, TX",5.58
"Bossier, LA",58.83
"Botetourt, VA",82231.2
"Boulder, CO",71582.36616
"Boundary, ID",9.908
"Bourbon, KS",19005.28
"Bourbon, KY",8111
"Bowie, TX",115246.41
"Box Elder, UT",1832066.634
"Boyd, KY",327360.085
"Boyle, KY",22173
"Bradford, FL",0
"Bradford, PA",630182.9
"Bradley, AR",39999.3
"Bradley, TN",174472
"Branch, MI",4.7
"Braxton, WV",45028
"Brazoria, TX",1648253.276
"Brazos, TX",8639.49
"Brevard, FL",384898.2702
"Bristol City, VA",250
"Bristol, MA",1491226.763
"Bristol, RI",47340
"Broadwater, MT",4
"Bronx, NY",1.35
"Brooke, WV",726531.37
"Brookings, SD",503259.114
"Brooks, GA",4050
"Broome, NY",586862.6
"Broomfield, CO",8716
"Broward, FL",157867.19
"Brown, MN",97641
"Brown, OH",0
"Brown, SD",21884
"Brown, TX",231193.06
"Brown, WI",1005327.143
"Brunswick, NC",1103956.542
"Brunswick, VA",1366
"Bryan, OK",67534
"Buchanan, IA",200188.54
"Buchanan, MO",575416.61
"Buchanan, VA",1309777.8
"Buckingham, VA",65295
"Bucks, PA",104538.25
"Buena Vista, IA",45093.08
"Buffalo, NE",6847
"Buffalo, WI",2502063
"Bulloch, GA",416.82
"Buncombe, NC",271123.14
"Bureau, IL",3748.63
"Burke, GA",88.94
"Burke, NC",42375.4287
"Burleson, TX",6.7
"Burlington, NJ",140588.21
"Burnet, TX",1766.44
"Butler, AL",32867.26
"Butler, KS",137094.0054
"Butler, MO",1738.78
"Butler, OH",1051667.949
"Butler, PA",202392.7096
"Butte, CA",1143.36
"Butte, ID",3185.04
"Cabarrus, NC",34846.10947
"Cabell, WV",28999.6
"Cache, UT",8577.2
"Caddo, LA",271017.5389
"Caguas, PR",504
"Calcasieu, LA",3699386.388
"Caldwell, NC",151277.1272
"Caldwell, TX",21765
"Calhoun, AL",285557.283
"Calhoun, AR",366561
"Calhoun, MI",87273.22
"Calhoun, MS",43175
"Calhoun, SC",864453
"Calhoun, TX",441954.28
"Calloway, KY",12407.287
"Calumet, WI",23369.79
"Cambria, PA",411516.47
"Camden, GA",163449
"Camden, MO",3558.73
"Camden, NJ",26576.1169
"Cameron, LA",12.323
"Cameron, TX",1102.4
"Camp, TX",249224.1
"Campbell, KY",27990
"Campbell, SD",0
"Campbell, VA",94837.89
"Campbell, WY",27964.7871
"Canadian, OK",42225
"Canyon, ID",78225.243
"Cape Girardeau, MO",80293.22
"Cape May, NJ",263580.4
"Carbon, PA",39483.7
"Carbon, UT",638974.0692
"Carbon, WY",136693.5
"Caribou, ID",191160.73
"Carlton, MN",282773
"Carolina, PR",49358.14
"Caroline, MD",20
"Caroline, VA",136.1
"Carroll, AR",0
"Carroll, GA",4814737.9
"Carroll, IA",161911
"Carroll, IL",334843.58
"Carroll, IN",29462.88
"Carroll, KY",5662662.9
"Carroll, MD",7237.0662
"Carroll, MO",4923
"Carroll, NH",0
"Carroll, OH",5219.04
"Carroll, TN",3049
"Carroll, VA",262748.0945
"Carson City City, NV",2410
"Carter, MO",39148
"Carter, OK",113787.42
"Carteret, NC",81151.38
"Carver, MN",179339.1
"Cascade, MT",105077.6
"Cass, IA",14891
"Cass, IL",0
"Cass, IN",132236.3
"Cass, MI",0
"Cass, MN",9197
"Cass, MO",3.9423
"Cass, ND",106575
"Cass, NE",78100
"Cass, TX",3763355.2
"Cassia, ID",635
"Catawba, NC",3929158.764
"Cattaraugus, NY",5954.312
"Cayuga, NY",1223.50261
"Cecil, MD",40355.93
"Cedar, IA",104340
"Cedar, NE",0
"Ceiba, PR",0
"Centre, PA",123311.7
"Cerro Gordo, IA",291208.37
"Chambers, AL",148970.2
"Chambers, TX",115110.9
"Champaign, IL",5334.648395
"Champaign, OH",26400
"Charles, MD",6588577.101
"Charleston, SC",1404261.517
"Charlevoix, MI",39315
"Charlton, GA",15.53
"Chatham, GA",2636621.48
"Chatham, NC",2301839.871
"Chattahoochee, GA",659.9
"Chattooga, GA",13
"Chautauqua, NY",183486.62
"Chaves, NM",0
"Cheatham, TN",350271
"Chelan, WA",506771.0291
"Chemung, NY",36751
"Chenango, NY",44367
"Cherokee, AL",6034
"Cherokee, GA",12052.0001
"Cherokee, IA",16922.6
"Cherokee, KS",118787.63
"Cherokee, OK",169.144
"Cherokee, SC",83776.6309
"Cherokee, TX",36399.04
"Chesapeake City, VA",2463391.768
"Cheshire, NH",19455.48
"Chester, PA",660739.9846
"Chester, SC",113917.69
"Chesterfield, SC",48721.65
"Chesterfield, VA",4914180.21
"Cheyenne, NE",0
"Chickasaw, IA",0
"Chilton, AL",11
"Chippewa, MN",16098
"Chippewa, WI",75133.433
"Chisago, MN",17407
"Chittenden, VT",2499.0211
"Choctaw, AL",1337005
"Choctaw, MS",44.89
"Choctaw, OK",250169.83
"Chowan, NC",136039
"Christian, IL",664609
"Christian, KY",72698.805
"Christian, MO",153.342
"Churchill, NV",0
"Ciales, PR",755
"Cidra, PR",1305
"Citrus, FL",12912427.6
"Clackamas, OR",229386.3
"Claiborne, TN",2882.01
"Clallam, WA",19099.82
"Clare, MI",501.59
"Clarendon, SC",19028
"Clarion, PA",324147.998
"Clark, AR",80192.7
"Clark, IL",5071
"Clark, IN",411190.3
"Clark, KY",714583
"Clark, NV",74210.99
"Clark, OH",60253.1
"Clark, WA",386560.8
"Clarke, AL",500156
"Clarke, GA",210320.59
"Clarke, IA",755
"Clarke, VA",0
"Clatsop, OR",292787
"Clay, AL",294406.06
"Clay, AR",10540
"Clay, FL",1666.11
"Clay, IA",47089.03
"Clay, IL",0
"Clay, IN",79.14
"Clay, MN",442.73
"Clay, MO",869907.0023
"Clay, NC",0
"Clay, NE",0
"Clayton, GA",193020.97
"Clear Creek, CO",90.6
"Clearfield, PA",3082791.38
"Clearwater, MN",0
"Clermont, OH",4713529.4
"Cleveland, NC",616458.406
"Cleveland, OK",2.2208
"Clinch, GA",120478
"Clinton, IA",1179163.034
"Clinton, IN",322456.81
"Clinton, KY",4800
"Clinton, MI",4013.64
"Clinton, NY",5073.01
"Clinton, OH",3483.63
"Clinton, PA",16387.2
"Cloud, KS",0
"Coahoma, MS",237840
"Coamo, PR",0
"Cobb, GA",867076.25
"Cochise, AZ",196955.53
"Cocke, TN",13774
"Coconino, AZ",93932.13
"Codington, SD",39467.79
"Coffee, AL",3300
"Coffee, GA",93547
"Coffee, TN",90847
"Colbert, AL",1287502.7
"Cole, MO",8023.57
"Coles, IL",616995
"Colfax, NM",0
"Colleton, SC",1842035.211
"Collier, FL",2458.86
"Collin, TX",6730.2
"Colonial Heights City, VA",0
"Colorado, TX",10847.00081
"Columbia, AR",200614.088
"Columbia, FL",0
"Columbia, GA",993960.92
"Columbia, NY",0.02
"Columbia, OR",576347.81
"Columbia, PA",8482.68
"Columbia, WI",321754.9546
"Columbiana, OH",15334.87
"Columbus, NC",3136100.154
"Colusa, CA",105200
"Comal, TX",20227.72957
"Comanche, OK",35999.89
"Comanche, TX",0
"Conecuh, AL",55322
"Contra Costa, CA",456763.8118
"Converse, WY",169898.445
"Conway, AR",630343.96
"Cook, GA",42306
"Cook, IL",2759127.357
"Cook, MN",16095.1
"Cooke, TX",36994
"Cooper, MO",3721.84
"Coos, NH",18.4
"Coos, OR",29882.1
"Coosa, AL",18350.9
"Copiah, MS",0
"Cortland, NY",11011.09
"Coshocton, OH",5229659.666
"Costilla, CO",26354
"Cottonwood, MN",18212
"Covington City, VA",2613334.6
"Covington, AL",127858.052
"Covington, MS",0
"Coweta, GA",2458472
"Cowley, KS",47555
"Cowlitz, WA",1377443.243
"Craighead, AR",93490.9
"Craven, NC",949328.8
"Crawford, AR",43429.6
"Crawford, GA",0
"Crawford, IA",13323.09
"Crawford, IL",205873.4
"Crawford, MI",67806
"Crawford, MO",1801
"Crawford, OH",155370.3
"Crawford, PA",201589.36
"Crawford, WI",22200
"Creek, OK",1383.25853
"Crisp, GA",454491.21
"Crittenden, AR",151029.5278
"Crook, WY",3.13
"Cross, AR",8118.1
"Crow Wing, MN",52211.2
"Cullman, AL",361824
"Culpeper, VA",26949.4581
"Cumberland, ME",159974.5646
"Cumberland, NC",757607.4655
"Cumberland, NJ",48798.953
"Cumberland, PA",20309.431
"Cumberland, TN",63597
"Curry, NM",1
"Custer, ID",6.35
"Custer, OK",39384
"Cuyahoga, OH",645641.7295
"Dakota, MN",248029.67
"Dakota, NE",8141.016
"Dale, AL",4477
"Dallas, AL",767317.71
"Dallas, AR",33146
"Dallas, IA",5625
"Dallas, TX",691516.241
"Dane, WI",141403.6201
"Danville City, VA",31820.33
"Darke, OH",64798
"Darlington, SC",1890163.914
"Dauphin, PA",140273.0539
"Davidson, NC",91431.178
"Davidson, TN",560405.21
"Davie, NC",2941
"Daviess, IN",26114
"Daviess, KY",1098747.3
"Daviess, MO",0
"Davis, IA",0
"Davis, UT",214097.914
"Davison, SD",7515
"Dawson, NE",7072.7
"Day, SD",14994
"De Soto, LA",3832631.5
"DeKalb, AL",78641
"DeKalb, GA",134180.12
"DeKalb, IL",14353
"DeKalb, IN",744449.53
"DeKalb, TN",5904
"DeSoto, MS",335245.77
"Deaf Smith, TX",0
"Dearborn, IN",3130523.06
"Decatur, GA",4183.06
"Decatur, IN",10005
"Decatur, TN",1.1
"Defiance, OH",1571054.49
"Delaware, IA",2534.76
"Delaware, IN",27702
"Delaware, NY",166421.24
"Delaware, OH",25685
"Delaware, PA",302925.2
"Delta, CO",1.493
"Delta, MI",604727.7
"Denali, AK",3.81
"Dent, MO",8625
"Denton, TX",22889.6
"Denver, CO",144516.27
"Des Moines, IA",142692.62
"Deschutes, OR",3366
"Desha, AR",926022
"Deuel, SD",0
"Dickinson, IA",5665
"Dickinson, KS",0
"Dickinson, MI",299763.6
"Dickson, TN",1668181
"Dillon, SC",87.4
"Dinwiddie, VA",2833.0112
"District of Columbia, DC",1066.4986
"Dixie, FL",2.5
"Dodge, MN",27615.93
"Dodge, NE",429
"Dodge, WI",288083.3967
"Dona Ana, NM",15825
"Doniphan, KS",6810
"Dooly, GA",168295
"Door, WI",12310
"Dorado, PR",57.57
"Dorchester, MD",0.0057
"Dorchester, SC",287031.931
"Dougherty, GA",152530.23
"Douglas, CO",35017.2
"Douglas, GA",8169
"Douglas, IL",533680
"Douglas, KS",39980.491
"Douglas, MN",18360
"Douglas, NE",255056
"Douglas, NV",2000
"Douglas, OR",574536
"Douglas, WA",0.0054
"Douglas, WI",88569.8
"DuPage, IL",172137.305
"Dubois, IN",312658.92
"Dubuque, IA",93419.1
"Dukes, MA",590
"Dunklin, MO",0
"Dunn, WI",165939
"Duplin, NC",766
"Durham, NC",22153.38
"Dutchess, NY",25006.3
"Duval, FL",2922833.7
"Dyer, TN",463526.5863
"Eagle, CO",0
"Early, GA",768865
"East Baton Rouge, LA",2894913.111
"Eastern, AS",4.8
"Eastland, TX",19138
"Eaton, MI",80569.46
"Eau Claire, WI",30001.9253
"Ector, TX",328302.33
"Eddy, NM",104026.46
"Edgar, IL",68792
"Edgecombe, NC",135827.6301
"Effingham, GA",237056.93
"Effingham, IL",43110
"El Dorado, CA",0
"El Paso, CO",113223.9
"El Paso, TX",445341.56
"Elk, PA",199290.81
"Elkhart, IN",2574051.5
"Elko, NV",20498.76
"Ellis, KS",29.8
"Ellis, TX",228914.9071
"Ellsworth, KS",0
"Elmore, AL",21183.2
"Elmore, ID",570
"Emery, UT",492260.8
"Emmet, IA",62155
"Emmet, MI",0
"Erath, TX",33986.33
"Erie, NY",1208285.1
"Erie, OH",24093.53
"Erie, PA",218088.738
"Escambia, AL",1783942.9
"Escambia, FL",10744629.57
"Essex, MA",233522.9225
"Essex, NJ",62869.88811
"Essex, NY",394190
"Essex, VT",3.862
"Etowah, AL",239545.24
"Eureka, NV",10323.12
"Evangeline, LA",126575.29
"Evans, GA",3
"Fairbanks North Star, AK",92233.14669
"Fairfax City, VA",1279
"Fairfax, VA",5527
"Fairfield, CT",393688.263
"Fairfield, OH",20846.98
"Fairfield, SC",34274.54
"Fannin, TX",546
"Faulkner, AR",79178
"Fauquier, VA",13480
"Fayette, AL",28700.2
"Fayette, GA",9004.2
"Fayette, IL",1
"Fayette, IN",6524
"Fayette, KY",27196
"Fayette, OH",145137
"Fayette, PA",310.012
"Fayette, TN",70378
"Fayette, TX",403579.89
"Fayette, WV",334600
"Fillmore, MN",45494.39
"Fillmore, NE",15
"Finney, KS",117373
"Fisher, TX",0.5
"Flagler, FL",139661
"Flathead, MT",901457.4
"Florence, SC",2865317.97
"Floyd, GA",6089540.8
"Floyd, IA",54909.06757
"Floyd, IN",2720035.1
"Floyd, KY",526
"Fluvanna, VA",870169
"Fond du Lac, WI",71622.18624
"Ford, IL",337389
"Ford, KS",260250
"Forrest, MS",129042.343
"Forsyth, GA",200
"Forsyth, NC",510125.9372
"Fort Bend, TX",786621.0122
"Fountain, IN",481.86
"Franklin, AL",3143
"Franklin, AR",2575.9
"Franklin, GA",10232
"Franklin, IA",70503
"Franklin, IL",545390
"Franklin, IN",3.4
"Franklin, KS",10246
"Franklin, KY",13906
"Franklin, LA",60
"Franklin, MA",1413
"Franklin, ME",1233219.5
"Franklin, MO",688025.9
"Franklin, NC",40584
"Franklin, NY",0
"Franklin, OH",318743.8
"Franklin, PA",76682
"Franklin, TN",118678
"Franklin, VA",0
"Franklin, VT",0
"Franklin, WA",5215.4844
"Frederick, MD",368.716
"Frederick, VA",488417.47
"Fredericksburg City, VA",500
"Freeborn, MN",7970.1005
"Freestone, TX",1288472.93
"Fremont, CO",48038.0266
"Fremont, IA",0
"Fresno, CA",31981.58441
"Fulton, GA",276272.3808
"Fulton, IL",15193.4
"Fulton, IN",54060
"Fulton, KY",1083.05
"Fulton, NY",35202
"Fulton, OH",9938.25
"Fulton, PA",0.4
"Gadsden, FL",34.6
"Gage, NE",17460
"Gaines, TX",186
"Galax City, VA",0
"Gallatin, MT",2371
"Gallia, OH",3150838.59
"Galveston, TX",1587771.02
"Garfield, CO",0
"Garfield, OK",9513.6
"Garland, AR",11855.5
"Garrard, KY",4859
"Garrett, MD",6103.0406
"Garvin, OK",81463.601
"Gaston, NC",8627882.832
"Geary, KS",14164
"Geauga, OH",16887.60237
"Genesee, MI",257997.07
"Genesee, NY",5
"Geneva, AL",217248
"Georgetown, SC",4102534.89
"Gibson, IN",2627353.5
"Gibson, TN",147156
"Gila, AZ",27459.3
"Giles, TN",4232.525
"Giles, VA",2186832.74
"Gilliam, OR",12891.98
"Gilmer, GA",134
"Gloucester, NJ",573379.48
"Glynn, GA",1189194.7
"Goliad, TX",175970.7
"Gonzales, TX",0
"Goodhue, MN",135303
"Gooding, ID",0
"Gordon, GA",41974.7
"Goshen, WY",16.2
"Gove, KS",6366.23
"Grady, GA",53370
"Grady, OK",43172
"Grafton, NH",6057.7
"Graham, AZ",44
"Graham, NC",113652
"Grand Forks, ND",300804.71
"Grand Traverse, MI",16956
"Grand, CO",23
"Grant, AR",46687.97
"Grant, IN",284897.3
"Grant, KS",8424.1
"Grant, KY",32982
"Grant, LA",3062.3
"Grant, NM",54
"Grant, SD",122854.06
"Grant, WA",5115.00698
"Grant, WI",105387.1638
"Grant, WV",303003.9
"Granville, NC",29526.963
"Gratiot, MI",4038.4
"Graves, KY",0
"Gray, TX",239120.015
"Grays Harbor, WA",122652.5
"Grayson, KY",0
"Grayson, TX",27942
"Green Lake, WI",11996
"Green, WI",8124.47
"Greene, AL",901212
"Greene, AR",129324
"Greene, IN",396
"Greene, MO",200589.406
"Greene, NY",254707.413
"Greene, OH",120532.19
"Greene, PA",4669936.8
"Greene, TN",58944
"Greenlee, AZ",12042.1
"Greensville, VA",294812.9
"Greenup, KY",235042
"Greenville, SC",384007.93
"Greenwood, SC",72147.05
"Gregg, TX",336535.813
"Grenada, MS",558643
"Grimes, TX",133899
"Grundy, IL",107121.41
"Grundy, MO",1.06
"Guadalupe, TX",123170.003
"Guam, GU",35608.096
"Guayama, PR",194739
"Guayanilla, PR",30644.4
"Guaynabo, PR",6588.092
"Guernsey, OH",13718
"Guilford, NC",284749.4614
"Gulf, FL",2102
"Guthrie, IA",4845
"Gwinnett, GA",114781.19
"Habersham, GA",15427.26
"Hale, AL",65921
"Hale, TX",16603
"Halifax, NC",329538.457
"Halifax, VA",220936
"Hall, GA",444450
"Hall, NE",28200.55
"Hamblen, TN",103212.2
"Hamilton, FL",0.01
"Hamilton, IA",30505
"Hamilton, IN",71908
"Hamilton, NE",17553
"Hamilton, OH",3453146.344
"Hamilton, TN",285504.444
"Hampden, MA",619032.871
"Hampshire, MA",19705
"Hampshire, WV",4.2
"Hampton City, VA",156.24
"Hampton, SC",1300136.29
"Hancock, IA",105138.93
"Hancock, IN",190519
"Hancock, KY",3575000.14
"Hancock, ME",41997.43356
"Hancock, MS",89434.99
"Hancock, OH",585666.7
"Hancock, WV",12826.4
"Hanover, VA",76776.9535
"Haralson, GA",25585
"Hardee, FL",396
"Hardeman, TN",250691
"Hardeman, TX",0
"Hardin, IA",253150.2
"Hardin, IL",9220
"Hardin, KY",45676.02
"Hardin, OH",19573
"Hardin, TN",1799063.6
"Hardin, TX",55421
"Hardy, WV",1562154.119
"Harford, MD",63995.173
"Harlan, KY",2.353075
"Harnett, NC",10994
"Harney, OR",138944
"Harris, GA",0
"Harris, TX",7734153.81
"Harrison, IA",31804
"Harrison, IN",221566
"Harrison, KY",46740
"Harrison, MS",2797734.21
"Harrison, OH",0
"Harrison, TX",1035913.918
"Harrison, WV",202873.4
"Harrisonburg City, VA",20723
"Hart, GA",2.4
"Hart, KY",1167.46
"Hartford, CT",118697.7276
"Harvey, KS",49303.8
"Hawaii, HI",44308.56
"Hawkins, TN",988928.16
"Hays, TX",31.0220007
"Haywood, NC",1713447.2
"Haywood, TN",12255
"Hempstead, AR",138168.002
"Henderson, KY",1288373.837
"Henderson, NC",154137.3
"Henderson, TN",43633.27
"Henderson, TX",81849
"Hendricks, IN",24667.63
"Hendry, FL",425330
"Hennepin, MN",304956.61
"Henrico, VA",819296.556
"Henry, AL",0
"Henry, GA",37779.63276
"Henry, IA",16603.0022
"Henry, IL",137
"Henry, IN",48452.28
"Henry, KY",4927
"Henry, MO",216134
"Henry, OH",79916.402
"Henry, TN",116112.0201
"Henry, VA",527417.9639
"Herkimer, NY",10084.4
"Hernando, FL",79792.4
"Hertford, NC",99726.21
"Hickman, TN",0
"Highland, OH",0
"Highlands, FL",93023.52
"Hillsborough, FL",711365.525
"Hillsborough, NH",38432.35
"Hillsdale, MI",29496.3
"Hinds, MS",166353.476
"Hitchcock, NE",15318.54
"Hocking, OH",17049.2
"Hoke, NC",27
"Holmes, FL",0
"Holt, MO",3980.45
"Honolulu, HI",539410
"Hopewell City, VA",1867819.449
"Hopkins, KY",815825
"Hopkins, TX",0
"Horry, SC",898319.01
"Hot Spring, AR",173418
"Houghton, MI",57491.31
"Houston, AL",88778.6
"Houston, GA",123196.7
"Houston, TX",43236
"Howard, AR",70012.01
"Howard, IA",23995
"Howard, IN",14083.45
"Howard, MD",2789
"Howard, TX",156018.47
"Howell, MO",2155.1
"Hubbard, MN",0
"Hudson, NJ",1388060.63
"Humacao, PR",9709.61161
"Humboldt, CA",149558.2
"Humboldt, IA",7620
"Humboldt, NV",72776.83
"Humphreys, TN",9481953.01
"Hunt, TX",1285
"Hunterdon, NJ",21.15
"Huntingdon, PA",95160.0178
"Huntington, IN",213166.98
"Huron, MI",60312.43
"Huron, OH",645982
"Hutchinson, TX",676858.42
"Iberia, LA",95052
"Iberville, LA",1029526.849
"Ida, IA",9052.99
"Idaho, ID",0.0061
"Imperial, CA",9580.8
"Independence, AR",759291.6
"Indian River, FL",78645.84
"Indiana, PA",5821741.9
"Ingham, MI",2979862.32
"Ionia, MI",88029.14
"Iosco, MI",1500.5
"Iowa, IA",2986
"Iowa, WI",207.5
"Iredell, NC",110166.9721
"Iron, MO",106172
"Iron, UT",1040.6311
"Iroquois, IL",510647
"Irwin, GA",0
"Island, WA",0
"Isle of Wight, VA",2720905.172
"Itasca, MN",97321.4
"Itawamba, MS",1.4
"Izard, AR",0
"Jack, TX",7777
"Jackson, AL",1522736.86
"Jackson, AR",10637
"Jackson, CO",0
"Jackson, FL",336041.8
"Jackson, GA",122297
"Jackson, IA",0.08
"Jackson, IL",19190
"Jackson, IN",171291
"Jackson, LA",1538316.03
"Jackson, MI",15371.004
"Jackson, MN",34510
"Jackson, MO",857364.5008
"Jackson, MS",1687133.07
"Jackson, OH",6002.4
"Jackson, OR",498065.3
"Jackson, WI",5227.86
"Jackson, WV",141277
"James City, VA",359061.25
"Jasper, GA",95949
"Jasper, IA",4991
"Jasper, IL",308915.6
"Jasper, IN",490989.817
"Jasper, MO",394658.0804
"Jasper, MS",26311.9
"Jasper, SC",43672.27
"Jasper, TX",695000.47
"Jay, IN",13733.753
"Jayuya, PR",5
"Jefferson, AL",2367152.187
"Jefferson, AR",2190872.569
"Jefferson, CO",394231
"Jefferson, GA",2700
"Jefferson, IA",1500
"Jefferson, IL",27238.1
"Jefferson, IN",2151869
"Jefferson, KY",2014408.39
"Jefferson, LA",72997.45
"Jefferson, MO",489791.76
"Jefferson, MT",8202.05084
"Jefferson, NE",63775
"Jefferson, NY",19008.005
"Jefferson, OH",18398971.79
"Jefferson, OK",11506
"Jefferson, PA",8829.67
"Jefferson, TN",12186.11982
"Jefferson, TX",3601059.419
"Jefferson, WA",373925
"Jefferson, WI",61219.11
"Jefferson, WV",0
"Jennings, IN",9832.73
"Jerome, ID",0.0642
"Jessamine, KY",5477
"Jo Daviess, IL",904027
"Johnson, AR",213389
"Johnson, IA",171732.42
"Johnson, IN",27552
"Johnson, KS",64372.3889
"Johnson, MO",19981.34
"Johnson, TX",75475.92
"Johnston, NC",57836.73
"Jones, IA",241
"Jones, MS",481482
"Jones, TX",7373
"Josephine, OR",87700
"Juab, UT",176.34533
"Juncos, PR",161
"Juneau, AK",666.44
"Juneau, WI",1746
"Juniata, PA",53543.9
"Kalamazoo, MI",306648.67
"Kalkaska, MI",38681
"Kanawha, WV",2857072.5
"Kandiyohi, MN",87061.7
"Kane, IL",122617.5571
"Kankakee, IL",346350.0624
"Karnes, TX",87355.4
"Kaufman, TX",102032.8
"Kay, OK",320941.29
"Kearney, NE",16263.3
"Kemper, MS",4.3
"Kenai Peninsula, AK",108930
"Kendall, IL",15837.2
"Kennebec, ME",12519
"Kenosha, WI",338888.27
"Kent, DE",182472.7868
"Kent, MD",12379.0153
"Kent, MI",214427.563
"Kent, RI",25524.64601
"Kenton, KY",17246.6
"Kern, CA",634000.285
"Kershaw, SC",159621.6
"Kimball, NE",752.5
"King George, VA",8115.11
"King William, VA",1000508.2
"King, WA",540383.5338
"Kingfisher, OK",29423.84
"Kings, CA",180075.36
"Kings, NY",15455.5943
"Kitsap, WA",11942
"Klamath, OR",502501.1226
"Kleberg, TX",0
"Knox, IL",162323
"Knox, IN",141667
"Knox, ME",27972.051
"Knox, OH",2
"Knox, TN",722045.801
"Koochiching, MN",156218
"Kootenai, ID",51558.24536
"Kosciusko, IN",990971
"Kossuth, IA",93186.1
"La Crosse, WI",121206.5
"La Paz, AZ",5034.6
"LaGrange, IN",66645.923
"LaPorte, IN",380536.9001
"LaSalle, IL",413545.3301
"Labette, KS",103836
"Lac qui Parle, MN",238000.0317
"Lackawanna, PA",30207
"Laclede, MO",65424
"Lafayette, FL",1051
"Lafayette, LA",47140.8
"Lafayette, MS",0
"Lafourche, LA",42087.2
"Lake, FL",94567
"Lake, IL",488731.45
"Lake, IN",3189014.386
"Lake, MN",22373
"Lake, OH",3585337.22
"Lake, SD",22625
"Lamar, AL",0
"Lamar, GA",2391
"Lamar, MS",603415.1448
"Lamar, TX",260553
"Lamb, TX",254799.06
"Lancaster, NE",964221.8874
"Lancaster, PA",772485.9039
"Lancaster, SC",289460.722
"Lander, NV",667.45
"Lane, OR",1241692.448
"Langlade, WI",35227
"Lapeer, MI",14434.6
"Laramie, WY",100017.17
"Larimer, CO",12830.1
"Las Piedras, PR",217776.13
"Latimer, OK",0.203
"Lauderdale, AL",110940.4039
"Lauderdale, MS",32483.36
"Lauderdale, TN",23618.87
"Laurel, KY",2946
"Laurens, GA",182813.7902
"Laurens, SC",70395.126
"Lavaca, TX",14474
"Lawrence, AL",1825680.9
"Lawrence, AR",583.5
"Lawrence, IN",873.8
"Lawrence, KY",7267811.7
"Lawrence, MO",650619.1
"Lawrence, MS",1271349.9
"Lawrence, OH",2676
"Lawrence, PA",1248690.88
"Lawrence, SD",1794
"Lawrence, TN",298147
"Le Flore, OK",190519
"Le Sueur, MN",43473
"Lea, NM",17999.65
"Leake, MS",0
"Leavenworth, KS",8364
"Lebanon, PA",21838.14
"Lee, AL",69977.384
"Lee, FL",15927.64
"Lee, IA",200563.58
"Lee, IL",9232.65
"Lee, MS",75448.35
"Lee, NC",127937.021
"Lee, SC",180097.7
"Lee, TX",121499.4
"Leflore, MS",317404.22
"Lehigh, PA",75368.411
"Lemhi, ID",350.1737
"Lenawee, MI",45898.95
"Lenoir, NC",171217.002
"Leon, FL",3
"Leon, TX",12961.1
"Levy, FL",238783
"Lewis and Clark, MT",0
"Lewis, KY",76284
"Lewis, NY",19466.2
"Lewis, TN",41080
"Lewis, WA",67565.97
"Lewis, WV",182000
"Lexington, SC",1161897.481
"Liberty, FL",51974.55
"Liberty, GA",411725.1433
"Liberty, TX",44673
"Licking, OH",273472.29
"Limestone, AL",3599.13
"Limestone, TX",272118.2
"Lincoln, ID",0
"Lincoln, KY",13428
"Lincoln, LA",213113.37
"Lincoln, ME",0
"Lincoln, MO",1814
"Lincoln, MS",0.5
"Lincoln, MT",0
"Lincoln, NC",24366
"Lincoln, NE",912420
"Lincoln, OR",670745
"Lincoln, SD",39913
"Lincoln, TN",37016
"Lincoln, WI",398462.5
"Lincoln, WY",116622.3
"Linn, IA",742256.2908
"Linn, KS",116526
"Linn, OR",1985508.87
"Litchfield, CT",135311.753
"Little River, AR",1525260.18
"Live Oak, TX",103054.2
"Livingston, IL",6707
"Livingston, LA",120370.37
"Livingston, MI",8894
"Livingston, MO",2278
"Livingston, NY",41
"Logan, AR",86
"Logan, CO",11494.09
"Logan, IL",281
"Logan, KY",80511.6
"Logan, OH",155031
"Lonoke, AR",28596
"Lorain, OH",1665028.447
"Los Angeles, CA",1290290.291
"Loudon, TN",2297826.1
"Loudoun, VA",1644
"Louisa, IA",462303
"Louisa, VA",14
"Lowndes, AL",342918
"Lowndes, GA",1838298.28
"Lowndes, MS",1795314.228
"Lubbock, TX",162026.3
"Lucas, OH",898985.1679
"Luce, MI",25198.55
"Lumpkin, GA",0
"Lunenburg, VA",188555
"Luzerne, PA",334489.3
"Lycoming, PA",39488.42
"Lynchburg City, VA",344394.57
"Lyon, IA",0
"Lyon, KS",261000
"Lyon, KY",0
"Lyon, MN",93838.7
"Lyon, NV",7326.38703
"Macomb, MI",492693.44
"Macon, GA",994187.89
"Macon, IL",2803426.767
"Macon, MO",5735
"Madera, CA",220298.5
"Madison, AL",408647.87
"Madison, AR",5730
"Madison, ID",25.63
"Madison, IL",567061.74
"Madison, IN",56277.87
"Madison, KY",169449.2
"Madison, LA",2555
"Madison, MS",196858
"Madison, NC",0
"Madison, NE",52362.2722
"Madison, NY",4515.312
"Madison, OH",33745
"Madison, TN",78935.374
"Madison, VA",0
"Magoffin, KY",5736
"Mahoning, OH",311309.31
"Major, OK",89
"Manatee, FL",495264.2
"Manati, PR",21753.53
"Manistee, MI",675436.11
"Manitowoc, WI",178922.0033
"Marathon, WI",278365.3632
"Marengo, AL",309052.2953
"Maricao, PR",13.7
"Maricopa, AZ",532937.2702
"Maries, MO",380.1
"Marinette, WI",196971.84
"Marion, AL",360173
"Marion, AR",312607.27
"Marion, FL",84796.1
"Marion, GA",66069.499
"Marion, IA",203987.05
"Marion, IL",113010
"Marion, IN",1235707.194
"Marion, KY",32786
"Marion, MO",66448.1
"Marion, MS",2.4
"Marion, OH",460781.502
"Marion, OR",148030.2643
"Marion, SC",135626
"Marion, TN",434
"Marion, TX",24157
"Marion, WV",224830.49
"Marlboro, SC",804356
"Marquette, MI",1127895.5
"Marshall, AL",149554
"Marshall, IA",49589.5
"Marshall, IL",333532.22
"Marshall, IN",960733.6
"Marshall, KS",2765
"Marshall, KY",2439518.65
"Marshall, MS",31800
"Marshall, OK",0.76
"Marshall, TN",69081
"Marshall, WV",4409935.838
"Martin, FL",189600.708
"Martin, IN",10309.6
"Martin, MN",362979
"Martin, NC",1552707.2
"Mason, IL",126602.3
"Mason, KY",4677951.5
"Mason, MI",24858
"Mason, WA",116717.1
"Mason, WV",5943692.94
"Massac, IL",231927.312
"Matagorda, TX",182998
"Maui, HI",3277.33
"Maury, TN",573791.43
"Mayaguez, PR",9683.6
"Mayes, OK",154760.91
"McCook, SD",12411
"McCormick, SC",1.9
"McCracken, KY",1128380.28
"McCulloch, TX",19472
"McCurtain, OK",2956556.34
"McDonald, MO",5
"McDonough, IL",7337
"McDowell, NC",74452.5537
"McDuffie, GA",207181.6
"McHenry, IL",88820.4123
"McHenry, ND",505626
"McKean, PA",704774.062
"McKinley, NM",147311.49
"McLean, IL",338696.3
"McLean, KY",0
"McLean, ND",256226.9
"McLennan, TX",31369.7199
"McLeod, MN",250449.4
"McMinn, TN",749114.2
"McNairy, TN",861926
"McPherson, KS",169833.1
"Meade, KY",9819
"Mecklenburg, NC",186802.9344
"Mecklenburg, VA",40067.9
"Mecosta, MI",57357
"Medina, OH",159046.94
"Medina, TX",0
"Meeker, MN",16921
"Meigs, TN",0.12
"Menominee, MI",71862.6
"Merced, CA",199577
"Mercer, KY",2850340.4
"Mercer, MO",0
"Mercer, ND",470954.2
"Mercer, NJ",2816681.4
"Mercer, OH",0
"Mercer, PA",183424.88
"Mercer, WV",18503.021
"Meriwether, GA",86199
"Merrick, NE",14979
"Merrimack, NH",2778487.32
"Mesa, CO",103077.7667
"Metcalfe, KY",36184.1
"Miami, IN",24025
"Miami, OH",29834.08
"Miami-Dade, FL",365845.48
"Middlesex, CT",22283.77
"Middlesex, MA",281838.6692
"Middlesex, NJ",341982.0623
"Midland, MI",456342.5
"Midland, TX",93177.92
"Mifflin, PA",4290.18
"Milam, TX",905834.081
"Millard, UT",171302.2
"Miller, AR",18.2
"Milwaukee, WI",1249737.533
"Mineral, NV",39.56
"Mineral, WV",1210
"Minidoka, ID",132845
"Minnehaha, SD",149286.032
"Mississippi, AR",922358.44
"Mississippi, MO",427
"Missoula, MT",1245448.3
"Mitchell, GA",0
"Mitchell, KS",0
"Mitchell, NC",19056.8
"Mobile, AL",2111813.55
"Moffat, CO",210204.4
"Mohave, AZ",45696.3554
"Moniteau, MO",0
"Monmouth, NJ",720.8
"Monongalia, WV",2381053.1
"Monroe, AL",1908110.679
"Monroe, FL",40.69
"Monroe, GA",986157.8
"Monroe, IA",385668
"Monroe, IL",159
"Monroe, IN",94789
"Monroe, KY",0
"Monroe, MI",14596382.56
"Monroe, MS",331192.13
"Monroe, NY",2542986.58
"Monroe, OH",487002
"Monroe, PA",2203.05
"Monroe, TN",675331.6
"Monroe, WI",170.1
"Monroe, WV",13206
"Montcalm, MI",0
"Monterey, CA",503.39
"Montgomery, AL",106305.436
"Montgomery, IA",92
"Montgomery, IL",1784896.8
"Montgomery, IN",110212.99
"Montgomery, KS",424228.56
"Montgomery, KY",147050
"Montgomery, MD",3275187.12
"Montgomery, MO",28684.2
"Montgomery, NC",101665.884
"Montgomery, NY",33281
"Montgomery, OH",860009.42
"Montgomery, PA",397747.6498
"Montgomery, TN",23549.218
"Montgomery, TX",378568.965
"Montgomery, VA",142427.892
"Montour, PA",4595105
"Montrose, CO",45284.58346
"Moore, NC",1255
"Moore, TN",1
"Moore, TX",59396.81
"Morehouse, LA",1014984.5
"Morgan, AL",2144389.946
"Morgan, CO",122796.95
"Morgan, GA",39830
"Morgan, IL",676396.24
"Morgan, IN",1019009.1
"Morgan, OH",440
"Morgan, TN",0
"Morgan, UT",33036.741
"Morris, NJ",29066.2
"Morris, TX",10595.2
"Morrison, MN",381595.85
"Morrow, OH",2958
"Morrow, OR",132791.36
"Morton, ND",362335.12
"Moultrie, IL",187618.07
"Mower, MN",107065.3
"Muhlenberg, KY",547934.7
"Multnomah, OR",562367.5542
"Murray, GA",1360
"Muscatine, IA",485578.98
"Muscogee, GA",63764.48701
"Muskegon, MI",752021.9579
"Muskingum, OH",50624.1
"Muskogee, OK",669498.04
"Nacogdoches, TX",42604.33
"Naguabo, PR",0
"Napa, CA",12.2
"Nash, NC",849
"Nassau, FL",3911768.35
"Nassau, NY",19652
"Natchitoches, LA",588310.8
"Natrona, WY",44785.6
"Navajo, AZ",602946.23
"Navarro, TX",26883.55985
"Nelson, KY",4675
"Nemaha, NE",24578
"Neosho, KS",257991.1
"Neshoba, MS",0
"Nevada, AR",42390.3
"New Castle, DE",2354976.803
"New Hanover, NC",4374131.89
"New Haven, CT",416747.8295
"New London, CT",126292.25
"New Madrid, MO",517772
"New York, NY",1.28
"Newaygo, MI",4892
"Newberry, SC",493271
"Newport News City, VA",260158.5
"Newport, RI",27751.01
"Newton, GA",19489.75
"Newton, IN",52600.00002
"Newton, MO",378.1
"Newton, MS",19944.35
"Nez Perce, ID",543675.9351
"Niagara, NY",289935.77
"Nicholas, WV",121528
"Nicollet, MN",7280.89
"Noble, IN",166817.2
"Noble, OH",24050
"Noble, OK",211795.5
"Nobles, MN",299629
"Nodaway, MO",295
"Nolan, TX",219.68
"Norfolk City, VA",85428.78
"Norfolk, MA",19712.63483
"Northampton, NC",219986.43
"Northampton, PA",3766198.546
"Northumberland, PA",308513.71
"Northumberland, VA",52.9
"Northwest Arctic, AK",239417.43
"Nottoway, VA",129.6
"Nowata, OK",0
"Noxubee, MS",48393.2
"Nueces, TX",1109746.498
"Nye, NV",193.974
"O'Brien, IA",90093
"Oakland, MI",756881.5418
"Obion, TN",6119.949
"Ocean, NJ",7137.7
"Oceana, MI",29
"Oconee, GA",3.6
"Oconee, SC",11592.1
"Oconto, WI",100600
"Ogemaw, MI",326
"Ogle, IL",756058.396
"Ohio, KY",321915.8
"Ohio, WV",4073
"Okaloosa, FL",18928.9
"Okeechobee, FL",0
"Oklahoma, OK",602163.8192
"Oktibbeha, MS",73
"Oliver, ND",85157
"Olmsted, MN",510033.4523
"Oneida, NY",77125.564
"Oneida, WI",101813.1
"Onondaga, NY",49787.781
"Onslow, NC",27644.4
"Ontario, NY",1062.368
"Ontonagon, MI",332158.585
"Orange, CA",368039.4782
"Orange, FL",990846.706
"Orange, NC",6098.48
"Orange, NY",1519294.092
"Orange, TX",1511361.195
"Orange, VA",7
"Orangeburg, SC",1254687.056
"Orleans, LA",116278.2198
"Orleans, NY",0
"Orleans, VT",3.49
"Osage, MO",207083
"Osage, OK",650600
"Osceola, FL",11596.38
"Osceola, IA",6582.1
"Osceola, MI",79614
"Oswego, NY",33731.29
"Otero, CO",1156.3
"Otero, NM",15.3
"Otoe, NE",166032
"Ottawa, KS",50635
"Ottawa, MI",2680102.404
"Ottawa, OH",117253.93
"Ottawa, OK",236860
"Otter Tail, MN",32909.1
"Ouachita, AR",5.2
"Ouachita, LA",886909.3
"Outagamie, WI",1081033.48
"Owyhee, ID",61.89
"Oxford, ME",518736
"Ozaukee, WI",84949.00005
"Palm Beach, FL",532794.305
"Palo Alto, IA",101811
"Palo Pinto, TX",1609
"Panola, MS",175476
"Panola, TX",49445.1
"Park, WY",2.377
"Parker, TX",152935
"Parmer, TX",0
"Pasco, FL",158112.3
"Passaic, NJ",67609.356
"Patrick, VA",9.721
"Paulding, OH",70173.413
"Payette, ID",0.096
"Payne, OK",86715.71
"Peach, GA",25265
"Pearl River, MS",11563
"Pembina, ND",15046.8
"Pemiscot, MO",126897.5
"Pend Oreille, WA",1203.88
"Pender, NC",0
"Pendleton, KY",900
"Pendleton, WV",61161.66
"Pennington, MN",0
"Pennington, SD",33954.486
"Penobscot, ME",287693.32
"Penuelas, PR",17288.65
"Peoria, IL",775399.427
"Perkins, NE",4195
"Perry, AL",847.2
"Perry, IL",11549
"Perry, IN",138234
"Perry, KY",7.28
"Perry, MO",89882
"Perry, MS",1280127.3
"Perry, OH",56069
"Pershing, NV",12429.1012
"Person, NC",14692051.43
"Petersburg City, VA",11369
"Pettis, MO",28623.91
"Philadelphia, PA",301544.7049
"Phillips, AR",5449.69
"Phillips, KS",27857.09
"Piatt, IL",47065
"Pickaway, OH",192389.98
"Pickens, SC",2435.8019
"Pierce, GA",18428
"Pierce, NE",22483.91
"Pierce, WA",991299.955
"Pierce, WI",0
"Pike, AL",246624
"Pike, IL",750.08
"Pike, IN",1641810.32
"Pike, MO",452641
"Pike, MS",29066
"Pike, OH",61547
"Pima, AZ",246421.6659
"Pinal, AZ",75769.5
"Pinellas, FL",437209.6
"Pipestone, MN",250390
"Pitkin, CO",0
"Pitt, NC",205357
"Pittsburg, OK",623
"Pittsylvania, VA",176760.767
"Placer, CA",54878
"Plaquemines, LA",182690.55
"Platte, MO",144593.8207
"Platte, NE",33146.58
"Platte, WY",52858
"Pleasants, WV",1014866.76
"Plumas, CA",214
"Plymouth, IA",10
"Plymouth, MA",58641.14
"Pocahontas, IA",49890.95
"Pointe Coupee, LA",645534.75
"Polk, AR",0
"Polk, FL",1014720.21
"Polk, GA",177768
"Polk, IA",797811.73
"Polk, MN",117465
"Polk, OR",52894.0112
"Polk, TN",610
"Polk, TX",146224
"Ponce, PR",50084.31
"Pontotoc, OK",16631.4
"Pope, AR",20242.91
"Portage, OH",145045.1596
"Portage, WI",143648.48
"Porter, IN",289693.0288
"Portsmouth City, VA",495962.5129
"Posey, IN",1443277.1
"Pottawatomie, KS",325794.9
"Pottawatomie, OK",47845
"Pottawattamie, IA",1435802
"Potter, PA",502
"Potter, TX",319843.59
"Powell, KY",49795.98
"Power, ID",42418.79
"Poweshiek, IA",26783
"Preble, OH",6193
"Prentiss, MS",0
"Preston, WV",897107.421
"Price, WI",157616
"Prince Edward, VA",0
"Prince George's, MD",4137292.89
"Prince George, VA",44.35
"Prince William, VA",19931.62
"Providence, RI",80907.09082
"Prowers, CO",56189
"Pueblo, CO",161498.92
"Pulaski, AR",99012.438
"Pulaski, GA",22995
"Pulaski, IL",28.687
"Pulaski, KY",1912150.67
"Pulaski, MO",874.7
"Pulaski, VA",8006.517
"Pushmataha, OK",0
"Putnam, FL",1763286.8
"Putnam, GA",9573239.1
"Putnam, IL",98061.5393
"Putnam, IN",79907
"Putnam, MO",0
"Putnam, NY",2592
"Putnam, WV",16969694.94
"Queens, NY",14166.79
"Quitman, MS",342909
"Racine, WI",32491.13
"Radford City, VA",16500.1
"Raleigh, WV",0
"Ralls, MO",73079.843
"Ramsey, MN",531416.4543
"Ramsey, ND",77657
"Randall, TX",295201
"Randolph, AL",19296
"Randolph, AR",21681
"Randolph, IL",496864.7
"Randolph, IN",0
"Randolph, MO",296008.97
"Randolph, NC",78394.7
"Randolph, WV",1536.02
"Rankin, MS",2533.6041
"Ransom, ND",402262
"Rapides, LA",1257677.01
"Ravalli, MT",9775
"Red River, TX",0
"Red Willow, NE",28.71
"Redwood, MN",190
"Reno, KS",52540
"Rensselaer, NY",29523.879
"Renville, MN",154.2
"Reynolds, MO",19718.89
"Rhea, TN",95809.3987
"Rice, KS",986
"Rice, MN",67624
"Richland, MT",709.005
"Richland, ND",63265
"Richland, OH",159366.22
"Richland, SC",6758508.19
"Richland, WI",15.52
"Richmond City, VA",201171.0803
"Richmond, GA",2268022.986
"Richmond, NC",11097.0021
"Richmond, VA",677
"Rio Grande, CO",0
"Ripley, IN",16580
"Riverside, CA",114627.09
"Roane, TN",3862566.046
"Roane, WV",4.88
"Roanoke City, VA",19729.93829
"Roanoke, VA",3939.278
"Roberts, SD",20595.49
"Robertson, TN",36256
"Robertson, TX",4972.96
"Robeson, NC",1006531.8
"Rock Island, IL",327105.8572
"Rock, MN",5540.91
"Rock, WI",180375.45
"Rockbridge, VA",7.85
"Rockdale, GA",432.26
"Rockingham, NC",1546641.28
"Rockingham, NH",281545.2232
"Rockingham, VA",47829.6
"Rockland, NY",1207186.12
"Rockwall, TX",0
"Rogers, OK",310362.617
"Roosevelt, NM",1250
"Roseau, MN",10249
"Rosebud, MT",117054
"Ross, OH",665340.9
"Routt, CO",26682.64
"Rowan, KY",15212
"Rowan, NC",1886017.746
"Rush, IN",13.301
"Rush, KS",133850
"Rusk, TX",452112.555
"Russell, AL",1503100.42
"Russell, KS",14060.65
"Russell, KY",2688.7
"Russell, VA",2091880.5
"Rutherford, NC",3685163.063
"Rutherford, TN",769954.4
"Rutland, VT",1759
"Sabana Grande, PR",0
"Sabine, LA",95560.68
"Sabine, TX",69183.84
"Sac, IA",7298
"Sacramento, CA",83988.35
"Sagadahoc, ME",12099
"Saginaw, MI",77205.1
"Saipan, MP",4181.45
"Salem, NJ",639074.42
"Salinas, PR",40906.6
"Saline, AR",50738.4
"Saline, KS",43128.4
"Saline, MO",52197.57
"Saline, NE",303
"Salt Lake, UT",204660.3941
"Saluda, SC",0
"Sampson, NC",29739.24
"San Benito, CA",1008.889
"San Bernardino, CA",756661.7876
"San Diego, CA",193198.0015
"San Francisco, CA",9394.2
"San German, PR",32909
"San Joaquin, CA",277073.3371
"San Juan, NM",292528.53
"San Juan, PR",519.8
"San Juan, UT",0
"San Lorenzo, PR",1607
"San Luis Obispo, CA",23586.68
"San Mateo, CA",9504.5
"San Patricio, TX",33736.93
"Sandoval, NM",13569.4
"Sandusky, OH",474856.23
"Sangamon, IL",955991
"Sanilac, MI",44620
"Santa Barbara, CA",760
"Santa Clara, CA",144650.3663
"Santa Cruz, CA",191.92
"Santa Rosa, FL",46500
"Sarasota, FL",10025
"Saratoga, NY",195892.6748
"Sargent, ND",11553
"Sarpy, NE",549.641
"Sauk, WI",90048.6
"Sawyer, WI",243826
"Schenectady, NY",156356.509
"Schleicher, TX",17220
"Schley, GA",0
"Schoolcraft, MI",170700.0748
"Schuyler, NY",67644.07
"Schuylkill, PA",378901.6736
"Scioto, OH",427618.41
"Scotland, NC",395270.907
"Scott, AR",0
"Scott, IA",420959.056
"Scott, IN",8902.8
"Scott, KY",331695
"Scott, MN",14121.2
"Scott, MO",103600
"Scott, MS",0
"Scott, TN",3386.9
"Scott, VA",2
"Scotts Bluff, NE",61.54
"Screven, GA",265
"Searcy, AR",6571
"Sebastian, AR",88726.283
"Sedgwick, KS",1346977.449
"Seminole, FL",876.77
"Seminole, OK",72670.1
"Seneca, NY",71296.5
"Seneca, OH",142435.15
"Sequatchie, TN",515
"Sequoyah, OK",57843.78
"Sevier, AR",3400
"Sevier, TN",260
"Sevier, UT",0.198576
"Seward, KS",0
"Seward, NE",5
"Shasta, CA",45732.11897
"Shawano, WI",5578.24
"Shawnee, KS",1216260
"Sheboygan, WI",453321.125
"Shelby, AL",4276011.02
"Shelby, IL",11475
"Shelby, IN",784254
"Shelby, KY",5905
"Shelby, OH",168272.8
"Shelby, TN",3369974.804
"Shelby, TX",11.39
"Shenandoah, VA",132048.88
"Sherburne, MN",173619.3
"Sherman, KS",57445
"Shiawassee, MI",6325
"Shoshone, ID",28401.13
"Sibley, MN",42530.7
"Silver Bow, MT",250
"Simpson, KY",1252391
"Simpson, MS",0
"Sioux, IA",21238.61
"Siskiyou, CA",26093
"Skagit, WA",196989.13
"Smith, KS",12525
"Smith, MS",321151.5
"Smith, TN",39180
"Smith, TX",67368.08
"Smyth, VA",112640.6675
"Snohomish, WA",453137.531
"Snyder, PA",1905778
"Solano, CA",299857.6
"Somerset, MD",0
"Somerset, ME",394940.965
"Somerset, NJ",5465.5905
"Somerset, PA",14278.2361
"Sonoma, CA",506.45
"Southampton, VA",174032.15
"Southeast Fairbanks, AK",155
"Spalding, GA",277.92
"Spartanburg, SC",1487695.59
"Spencer, IN",2940219.9
"Spink, SD",14537.9
"Spokane, WA",162288.4918
"Spotsylvania, VA",0
"St Bernard, LA",503362.16
"St Charles, LA",1908919.394
"St Charles, MO",2178346.42
"St Clair, AL",64254.06
"St Clair, IL",899694.19
"St Clair, MI",3437713.412
"St Croix, VI",278408
"St Croix, WI",6835
"St Francois, MO",11867.64
"St Helena, LA",580
"St James, LA",449206.23
"St John the Baptist, LA",454245.05
"St Johns, FL",66000
"St Joseph, IN",425246.32
"St Joseph, MI",168918.27
"St Landry, LA",52013
"St Lawrence, NY",1019356
"St Louis City, MO",645039.0458
"St Louis, MN",170763.57
"St Louis, MO",718422.12
"St Lucie, FL",342967
"St Martin, LA",58000
"St Mary, LA",337234.035
"St Tammany, LA",21979
"St Thomas, VI",3969.46
"Stafford, VA",28.3
"Stanislaus, CA",81305.97
"Stanly, NC",30962
"Stanton, NE",9866.366
"Stark, IL",0
"Stark, ND",124431.1
"Stark, OH",193739.16
"Starke, IN",0
"Ste Genevieve, MO",125982.28
"Stearns, MN",29700.58713
"Steele, MN",117913
"Stephens, GA",1380.12
"Stephens, OK",5
"Stephenson, IL",158.1143
"Steuben, IN",893
"Steuben, NY",46507.4
"Stevens, MN",16123.3
"Stevens, WA",472
"Stewart, TN",420364
"Stillwater, MT",21713.7
"Stoddard, MO",111359.42
"Stokes, NC",12075445.47
"Stone, AR",14.4
"Stone, MS",41.7
"Storey, NV",49.67
"Story, IA",163173.09
"Strafford, NH",24733.0575
"Stutsman, ND",29257
"Suffolk City, VA",6618
"Suffolk, MA",346458.711
"Suffolk, NY",180528.765
"Sullivan, IN",494122.8
"Sullivan, MO",0
"Sullivan, NH",785
"Sullivan, NY",15.064
"Sullivan, TN",2718673.17
"Summit, OH",383923.0077
"Sumner, TN",486278.5
"Sumter, AL",2128
"Sumter, FL",37319
"Sumter, GA",111235.064
"Sumter, SC",43835.4
"Sunflower, MS",6843.97
"Surry, NC",599479.0595
"Sussex, DE",3375734.58
"Sussex, NJ",16204
"Sussex, VA",0
"Sutton, TX",352
"Suwannee, FL",1028
"Swain, NC",15846
"Sweet Grass, MT",7863.403
"Sweetwater, WY",322017.6827
"Swift, MN",6532
"Switzerland, IN",14000
"Talbot, MD",0
"Talladega, AL",753903
"Tallapoosa, AL",101816
"Tama, IA",0.1372181
"Taney, MO",0.5331
"Tangipahoa, LA",99393
"Tarrant, TX",604273.0998
"Tate, MS",0
"Taylor, FL",1438748.31
"Taylor, GA",0
"Taylor, KY",0
"Taylor, TX",67615.07
"Taylor, WV",0
"Tazewell, IL",797947.1903
"Tazewell, VA",40
"Tehama, CA",470
"Teller, CO",279.6
"Terrebonne, LA",57491.6
"Terrell, GA",187256
"Terry, TX",0
"Texas, MO",0.041
"Texas, OK",0
"Thayer, NE",1120
"Thomas, GA",6719
"Thurston, WA",298944
"Tift, GA",123
"Tillamook, OR",21.73
"Tioga, NY",2111.74979
"Tioga, PA",674.98727
"Tippah, MS",43.49
"Tippecanoe, IN",464931
"Tipton, IN",1.13
"Tipton, TN",1171.425828
"Tishomingo, MS",141432
"Titus, TX",2603806.032
"Toa Baja, PR",1104.8
"Todd, KY",4.7
"Todd, MN",4201.51
"Tolland, CT",16054.857
"Tom Green, TX",115215
"Tompkins, NY",79566
"Tooele, UT",4576703.364
"Toombs, GA",0
"Traill, ND",866.47
"Travis, TX",46726.5107
"Trempealeau, WI",26521.29263
"Trimble, KY",49220.3
"Troup, GA",74902.1549
"Trumbull, OH",526672.214
"Tucker, WV",544.8
"Tulare, CA",15677.6
"Tulsa, OK",522078.1674
"Tunica, MS",737
"Turner, GA",3347
"Turner, SD",2982.4
"Tuscaloosa, AL",165873.34
"Tuscarawas, OH",184518.79
"Tuscola, MI",57250
"Twin Falls, ID",54200.1
"Tyler, WV",445392
"Uinta, WY",4337.5
"Uintah, UT",53746.719
"Ulster, NY",2.7
"Umatilla, OR",53
"Unicoi, TN",56237
"Union, AR",758660.82
"Union, FL",0
"Union, IA",362840
"Union, IN",7900
"Union, KY",12341
"Union, MS",9526
"Union, NC",38072.14513
"Union, NJ",216508.267
"Union, OH",221174.911
"Union, OR",231678
"Union, PA",194.65
"Union, SC",7590
"Union, SD",3200
"Union, TN",42261.7
"Upshur, TX",77067
"Upshur, WV",5
"Upson, GA",23924
"Upton, TX",396
"Utah, UT",92290.02003
"Valdez-Cordova, AK",0
"Valencia, NM",8320
"Valley, NE",3095
"Van Buren, MI",9798
"Van Wert, OH",304721
"Vance, NC",269
"Vanderburgh, IN",89011.70475
"Vega Alta, PR",308.1
"Vega Baja, PR",66.4
"Venango, PA",89136.7
"Ventura, CA",17672.07795
"Vermilion, IL",3790468.9
"Vermilion, LA",20254.68
"Vermillion, IN",2751964
"Vernon, LA",147.5
"Vernon, MO",94965
"Vernon, WI",612600.79
"Victoria, TX",452837
"Vigo, IN",1397229.648
"Vinton, OH",0
"Virginia Beach City, VA",12979.1
"Volusia, FL",599845.94
"Wabash, IN",373990.501
"Wabasha, MN",21786
"Wadena, MN",10972
"Wake, NC",16977.01
"Wakulla, FL",0
"Waldo, ME",1219.7907
"Walker, AL",3154291.7
"Walker, GA",33426.9
"Walker, TX",14866.98
"Walla Walla, WA",413068
"Waller, TX",10110.525
"Walton, FL",0
"Walton, GA",297.02
"Walworth, WI",46716
"Wapello, IA",310616.4
"Ward, TX",0
"Ware, GA",266074
"Warren, GA",2.9
"Warren, KY",302652.17
"Warren, MO",6659
"Warren, MS",1818029.096
"Warren, NJ",74504
"Warren, NY",107820.05
"Warren, OH",64728.87
"Warren, PA",78091.645
"Warren, TN",12.3
"Warren, VA",50320.61
"Warrick, IN",3233604.34
"Wasco, OR",7.03
"Waseca, MN",7971
"Washakie, WY",55321
"Washington, AL",1394985
"Washington, AR",136698.78
"Washington, GA",60.427
"Washington, IA",2622
"Washington, IL",13850
"Washington, IN",10750
"Washington, LA",1379286.5
"Washington, MD",441536.4
"Washington, ME",527187
"Washington, MN",345798.5
"Washington, MO",300
"Washington, MS",14642.7904
"Washington, NE",304067.2127
"Washington, NY",902
"Washington, OH",10482066.15
"Washington, OK",16
"Washington, OR",65427.279
"Washington, PA",368566.7
"Washington, RI",32105.92791
"Washington, TN",42046.0008
"Washington, TX",0
"Washington, UT",33457.287
"Washington, VA",39461
"Washington, VT",0
"Washington, WI",54257
"Washoe, NV",401861
"Washtenaw, MI",49306.98
"Watauga, NC",1874
"Watonwan, MN",0
"Waukesha, WI",193125.7488
"Waupaca, WI",138892
"Waushara, WI",11.69
"Wayne, GA",3236101.59
"Wayne, IN",477017.9114
"Wayne, KY",10.6
"Wayne, MI",4932395.238
"Wayne, MO",255
"Wayne, MS",31318
"Wayne, NC",2105004.45
"Wayne, NY",168584.71
"Wayne, OH",713435.0041
"Wayne, TN",25017
"Wayne, WV",50498.98
"Weakley, TN",55531
"Webb, TX",8800
"Weber, UT",23206.2
"Webster, IA",72692.73
"Webster, KY",0
"Webster, LA",89129.49
"Webster, MO",50
"Weld, CO",215521.13
"Wells, IN",0
"West Baton Rouge, LA",199625.5002
"West Feliciana, LA",213664.4
"Westchester, NY",7668.84
"Westmoreland, PA",143858.2853
"Westmoreland, VA",16740
"Weston, WY",8249.69
"Wexford, MI",602908.082
"Wharton, TX",11172
"Whatcom, WA",801878.75
"White Pine, NV",100
"White, AR",1605
"White, IN",94121
"White, TN",0
"Whiteside, IL",18030.06
"Whitfield, GA",29762.4068
"Whitley, IN",34328.19
"Whitley, KY",28606.5
"Whitman, WA",0.1452
"Wichita, KS",0
"Wichita, TX",332339.572
"Wicomico, MD",306838
"Wilbarger, TX",46518.6
"Wilcox, AL",847191.2
"Wilkes, NC",360725.08
"Will, IL",1388267.212
"Williams, OH",56524.22
"Williamsburg, SC",6105
"Williamson, IL",54320
"Williamson, TN",17640
"Williamson, TX",28824.11031
"Wilson, KS",337610.1135
"Wilson, NC",211370.3
"Wilson, TN",1442
"Wilson, TX",20460
"Winchester City, VA",30885
"Windham, CT",60242.9
"Windham, VT",1300.13
"Windsor, VT",0
"Winkler, TX",469
"Winn, LA",138243.67
"Winnebago, IA",21220
"Winnebago, IL",58971.5
"Winnebago, WI",81373.24
"Winona, MN",20753.209
"Winston, AL",9449
"Winston, MS",209152
"Wirt, WV",17824
"Wise, TX",165780
"Wise, VA",8.8
"Wood, OH",164347.96
"Wood, WI",4068552.38
"Wood, WV",716308.4705
"Woodbury, IA",1424591.69
"Woodford, KY",478993.1
"Woods, OK",7100
"Woodward, OK",71490.21
"Worcester, MA",121137.7358
"Worcester, MD",0
"Worth, IA",7068
"Wright, IA",388693
"Wright, MN",4960
"Wright, MO",26588
"Wyandot, OH",49327
"Wyandotte, KS",505796.0231
"Wyoming, NY",95986.6
"Wyoming, PA",18.5
"Wyoming, WV",6202.808326
"Yabucoa, PR",99023.01
"Yadkin, NC",0
"Yakima, WA",249333.249
"Yalobusha, MS",14308.18
"Yamhill, OR",53101.936
"Yankton, SD",196725.8817
"Yates, NY",2938
"Yauco, PR",79040
"Yavapai, AZ",2994.53
"Yazoo, MS",80372
"Yell, AR",0
"Yellowstone, MT",308090.46
"Yolo, CA",95747.756
"York, ME",65327.6883
"York, NE",15918
"York, PA",6148913.475
"York, SC",1106318.85
"York, VA",875999.8
"Young, TX",3400
"Yuba, CA",0
"Yuma, AZ",1358.2
"Yuma, CO",0
